Unnamed: 0,Unnamed: 1,Unnamed: 2,Unnamed: 3,Unnamed: 4,Unnamed: 5,Unnamed: 6,Unnamed: 7,Unnamed: 8,Unnamed: 9,Unnamed: 10,Unnamed: 11,Unnamed: 12,Unnamed: 13,Unnamed: 14,Unnamed: 15,Unnamed: 16,Unnamed: 17,Unnamed: 18,Unnamed: 19,Unnamed: 20,Unnamed: 21,Unnamed: 22,Unnamed: 23,Unnamed: 24,Unnamed: 25,Unnamed: 26,Unnamed: 27,Unnamed: 28,Unnamed: 29,Unnamed: 30,Unnamed: 31,Unnamed: 32,Unnamed: 33,Unnamed: 34
Grade,survey line,DARTMOUTH POSITION TITLES,Dartmouth,Barnstable,Bourne ,Bridgewater,Canton,Dedham,Duxbury,Easton,Fairhaven,Falmouth,Franklin,Mansfield,Marshfield,North Attleboro,Norwood,Plymouth,Stoughton,Walpole,Wareham,,Comp Data Points,Market Average,50th Percentile,60th Percentile,65th Percentile,75th Percentile,,% Higher - Lower than Market Average,% Higher - Lower than 50th percentile,% Higher - Lower than 60th percentile,% Higher - Lower than 65th percentile,% Higher - Lower than 75th percentile
,,EXEMPT (USW),,,,,,,,,,,,,,,,,,,,,,,,,,,,,,,,
USW11,1,Administrator/Director of Assessing,44.06,61.77,,43.58,,50.14,41.78,48.13,41.0856,52.86,,48.65,,,49.66,50.6,,46.19,45.73,,12,48.34796666666667,48.39,49.256,49.732,50.255,,-0.09732107731880774,-0.09827507943713114,-0.11793009532455737,-0.12873354516568308,-0.1406037221970041
,,,57.28,73.82,,58.58,,65.43,56.4,63.51,50.0718,71.42,,61.77,,,65.93,63.76,65.07,60.94,61.46,,13,62.93552307692308,63.51,64.02199999999999,64.80799999999999,65.43,,-0.09873469058874094,-0.10876396648044687,-0.11770251396648028,-0.13142458100558643,-0.14228351955307272
USW9,2,Asst Superintendent of Services & Infrastructure,36.41,,38.66,,44.8,40.16,,,,,37.74,,45.27,,44.43,,,39.59,34.69,,8,40.6675,39.875,41.013999999999996,42.5085,44.5225,,-0.11693216149409505,-0.09516616314199405,-0.12644877780829442,-0.1674951936281242,-0.22280966767371616
,,,47.34,,46.19,,56.05,47.26,,,,,52.83,,50.91,,57.47,,,52.24,46.62,,8,51.19625,51.575,52.358000000000004,52.5645,53.635,,-0.08145859738065052,-0.08945923109421207,-0.10599915504858472,-0.110361216730038,-0.13297422898183342
USW9,3,Asst Superintendent of Water & Sewer,36.41,,,38.32,44.8,,36.43,45.26,35.8836,44.67,41.61,,,,44.43,,,,,,8,41.425450000000005,43.019999999999996,44.478,44.562,44.7025,,-0.1377492447129912,-0.1815435319967042,-0.22158747596814077,-0.22389453446855265,-0.22775336446031322
,,,47.34,,,50.54,56.05,,49.17,59.72,43.7172,60.36,58.25,,,,57.47,,,,,,8,54.40965,56.76,57.626,57.899,58.6175,,-0.14933776932826354,-0.19898605830164753,-0.2172792564427544,-0.22304604985213344,-0.23822348964934506
USW9,4,Asst Superintendent of Water Pollution Control,36.41,49.03,,,,,,,,,,,,,,,,,,,1,49.03,,,,,,,,,,
,,,47.34,58.6,,,,,,,,,,,,,,,,,,,1,58.6,,,,,,,,,,
USW11,5,Director of COA,44.06,49.03,48.8,38.91,44.37,46.22,52.41,,33.5478,49.88,43.25,41.27,,36.47,49.66,47.44,,36.26,45.73,,15,44.21651999999999,45.73,46.708,47.576,48.915,,-0.003552428506581621,-0.03790285973672253,-0.060099863822060735,-0.0798002723558783,-0.11019064911484332
,,,57.28,58.6,58.3,52.3,55.46,60.3,70.75,,40.8918,67.38,60.55,52.13,,49.02,65.93,59.74,63.54,48.37,61.46,,16,57.795112499999995,59.17,60.3,60.4875,61.980000000000004,,-0.008992885824022235,-0.03299581005586593,-0.052723463687150765,-0.05599685754189937,-0.08205307262569837
USW13,6,Director of Inspectional Services,45.71,62.85,51.24,43.58,50.71,38.92,,48.13,50.337,53.65,50.82,53.25,45.27,41.76,49.66,60.02307692307692,,46.19,45.73,,16,49.5075048076923,49.9985,50.71,50.792500000000004,51.7425,,-0.08307820625010498,-0.0938197330999781,-0.10938525486764383,-0.11119011157296003,-0.13197330999781226
,,,59.42,75.11,61.22,58.58,63.38,51.52,,63.51,61.3224,72.5,71.15,67.3,50.91,56.12,65.94,77.5298076923077,64.75,60.94,61.46,,17,63.72012986425339,63.38,64.254,65.226,67.3,,-0.07236839219544573,-0.06664422753281725,-0.08135307977112088,-0.09771120834735775,-0.13261528105015138
USW14,7,Director of Libraries,46.85,,,,,54.41,52.41,,,53.65,50.82,48.65,,45.51,66.46,,,46.19,45.73,,9,51.53666666666666,50.82,52.092,52.657999999999994,53.65,,-0.10003557452863736,-0.08473852721451439,-0.11188900747065095,-0.12397011739594435,-0.1451440768409818
,,,60.91,,,,58.54759615384615,70.99,70.75,,,72.5,71.15,61.77,,59.38,76.63,,62.18,60.94,61.46,,11,66.0270541958042,62.18,70.75,70.87,71.07,,-0.08401008366120837,-0.020850435068133364,-0.16154982761451328,-0.16351994746347084,-0.16680348054506644
USW12,8,Director of Media,44.59,,,,,46.22,,,,,,,,,44.43,44.09,,,,,3,44.913333333333334,44.43,44.788,44.967,45.325,,-0.007251252149211271,0.0035882484862077525,-0.004440457501681841,-0.008454810495626717,-0.01648351648351647
,,,57.97,,,,,60.3,,,,,,,,,57.47,55.48,,,,,3,57.75,57.47,58.036,58.318999999999996,58.885,,0.0037950664136622196,0.008625150940141452,-0.0011385199240987148,-0.006020355356218676,-0.015784026220458845
USW11,9,Director of Planning,44.06,62.85,48.8,38.91,44.37,59.03,46.79,48.13,41.0856,49.88,50.82,57.97,,36.47,49.66,70.02692307692308,,46.19,45.73,,16,49.7945326923077,48.465,49.66,49.825,52.6075,,-0.13015280736059226,-0.09997730367680438,-0.1270994098955968,-0.1308443032228779,-0.1939968225147526
,,,57.28,75.11,58.3,52.3,55.46,77.02,63.17,63.51,50.0718,67.38,71.15,73.28,,49.02,65.93,87.53365384615384,64.84,60.94,61.46,,17,64.49855610859727,63.51,65.494,66.51,71.15,,-0.1260222784322149,-0.10876396648044687,-0.1434008379888268,-0.16113826815642465,-0.24214385474860342
USW14,10,Director of Public Health,46.85,52.96,51.24,38.91,50.71,50.14,41.78,51.96,38.607,49.14,50.82,53.25,45.27,36.47,54.13,50.63,,46.19,45.73,,17,47.52570588235295,50.14,50.678000000000004,50.754,51.24,,-0.014422750957373543,-0.0702241195304162,-0.08170757737459984,-0.0833297758804695,-0.0937033084311633
,,,60.91,63.29,61.22,52.3,63.38,65.43,56.4,68.56,46.7874,66.4,71.15,67.3,50.91,49.02,71.87,63.07,63.2,60.94,61.46,,18,61.26041111111111,63.135000000000005,63.308,63.4825,66.1575,,-0.005752932377460423,-0.03652930553275338,-0.03936956164833366,-0.04223444426202603,-0.08615169922836977
USW12,11,Management Information Systems Director,44.59,62.85,51.24,43.58,,50.14,58.7,48.13,,56.59,,48.65,49.79,44.68,59,60.02307692307692,,58.17,47.07,,14,52.75807692307693,50.69,55.52000000000001,57.301,58.5675,,-0.1831818103403661,-0.1368019735366673,-0.2451222247140616,-0.2850639156761605,-0.3134671450997981
,,,57.97,75.11,61.22,58.58,63.76826923076923,65.43,79.24,63.51,,76.45,,61.77,56.01,60.05,78.73,77.5298076923077,71.15,76.75,63.25,,16,68.0342548076923,64.59913461538461,71.15,74.12,76.525,,-0.1736114336327809,-0.11435457332041772,-0.2273589787821288,-0.278592375366569,-0.3200793513886494
USW11,12,Parks & Recreation Director,44.06,49.03,44.26,38.91,44.37,46.22,52.41,40.84,33.5478,49.88,43.25,41.27,42.14,44.68,47.99,47.44,,39.59,,,16,44.114237499999994,44.315,44.68,45.835,47.5775,,-0.0012309918293234717,-0.005787562414888685,-0.014071720381298171,-0.04028597367226506,-0.07983431684067177
,,,57.26,58.6,52.88,52.3,55.46,60.3,70.75,54.01,40.8918,67.38,60.55,52.13,47.39,60.05,62.07,59.74,46.49,52.24,,,17,56.07245882352941,55.46,59.284,59.864,60.3,,0.020739454706087825,0.0314355571079287,-0.03534753754802656,-0.045476772616136904,-0.05309116311561298
USW11,13,Superintendent of Services & Infrastructure,44.06,57.19,44.26,43.58,50.71,,58.7,44.59,33.5478,,43.25,49.92,,58.31,,50.63,,46.19,54.75,,13,48.894446153846154,49.92,50.646,50.694,54.75,,-0.10972415237962213,-0.1330004539264639,-0.1494779845665002,-0.15056740807989105,-0.2426236949614162
,,,57.26,68.35,52.88,58.58,63.38,,79.24,58.84,40.8918,,60.55,63.1,,76.09,,63.07,,60.94,73.58,,13,63.03783076923078,63.07,63.156,63.324000000000005,68.35,,-0.10090518283672341,-0.10146699266503671,-0.10296891372685996,-0.10590289905693341,-0.1936779601816276
USW11,14,Superintendent of Water & Sewer,44.06,57.19,,48.81,,,52.41,51.96,47.0424,53.65,43.25,49.92,49.79,,,50.63,,49.87,,,11,50.41112727272727,49.92,50.63,51.295,52.185,,-0.14414723723847636,-0.1330004539264639,-0.14911484339536996,-0.16420789832047206,-0.18440762596459373
,,,57.26,68.35,,65.6,,,70.75,68.56,57.324000000000005,72.5,60.55,63.1,56.01,,,63.07,64.91,65.8,,,12,64.71033333333334,65.255,65.72,66.1825,68.4025,,-0.13011409942950297,-0.13962626615438348,-0.14774711840726512,-0.1558243101641636,-0.1945948305972757
USW11,15,Superintendent of Water Pollution Control,44.06,57.19,,,,,,,,,43.25,,,,,44.18,,,54.75,,4,49.8425,49.465,52.635999999999996,54.221500000000006,55.36,,-0.1312414888788016,-0.12267362687244668,-0.19464366772582825,-0.23062868815251936,-0.25646845211075797
,,,57.28,68.35,,,,,,,,,60.55,,,,,54.96,,,73.58,,4,64.36,64.44999999999999,66.78999999999999,67.96,69.6575,,-0.12360335195530724,-0.12517458100558637,-0.166026536312849,-0.18645251396648033,-0.21608763966480443
USW10,16,Town Accountant,40.05,49.03,45.95,,,50.14,41.78,see,43.962,53.65,43.25,53.25,,50.43,88.94,50.63,see,46.19,45.73,,13,50.99476923076923,49.03,50.198,50.372,50.63,,-0.273277633727072,-0.22421972534332096,-0.2533832709113609,-0.2577278401997504,-0.26416978776529354
,,,52.07,58.6,54.91,,57.10192307692308,65.43,56.4,Fin Dir,53.57040000000001,72.5,60.55,67.3,,66.63,93.75,63.07,Fin Dir,60.94,61.46,,14,63.729451648351656,61.2,62.748000000000005,64.132,66.33,,-0.2239187948598359,-0.17534088726714045,-0.20507009794507403,-0.23164970232379498,-0.27386210869982713
USW12,17,Town Collector,44.59,62.85,see Fin,43.58,,50.14,41.78,49.09,43.962,53.65,50.82,53.25,,50.43,54.13,50.63,,46.19,45.73,,14,49.73085714285714,50.285,50.59,50.7155,52.6425,,-0.11529170537916879,-0.12771921955595408,-0.1345593182327876,-0.13737385063915664,-0.18058981834492024
,,,57.97,75.11,Dir,58.58,,65.43,56.4,64.78,53.57040000000001,72.5,71.15,67.3,,66.63,71.87,63.07,65.93,60.94,61.46,,15,64.98136000000001,65.43,66.21000000000001,66.69699999999999,69.225,,-0.12094807659134053,-0.12868725202691061,-0.14214248749353128,-0.15054338450922874,-0.194152147662584
USW8,18,Youth Advocate,33.1,,,,,36.2,,,,,,,,,,,,,,,1,36.2,,,,,,,,,,
,,,43.03,,,,,47.93,,,,,,,,,,,,,,,1,47.93,,,,,,,,,,
,,NON-EXEMPT (DTEA),,,,,,,,,,,,,,,,,,,,,,,,,,,,,,,,
DTEA3,19,Accountant Clerical,21.98,30.78,25.13,,28.17,,24.98,29.65,22.1442,26.55,,,,22.032000000000004,32.01,,,,24.99,,10,26.643620000000006,25.84,27.198,27.927000000000003,29.28,,-0.2121756141947227,-0.17561419472247494,-0.23739763421292084,-0.27056414922656974,-0.33212010919017293
,,,28.83,36.79,30.03,,35.2,,33.72,36.22,26.9892,33.58,,,,32.538,41.68,,,,33.57,,10,34.03172,33.65,34.312,34.978,35.965,,-0.18042733263961158,-0.16718695802983005,-0.1901491501907735,-0.21325008671522733,-0.24748525841137722
DTEA7,20,Animal Control Officer,31.34,33.24,,,32.96,27.8,31.47,28.84,27.1116,26.55,,34.07,34.04,31.86,34.18,27.92,,36.26,27.75,,14,31.00368571428572,31.665,32.74,33.086,33.84,,0.01073115142674794,-0.010370134014039543,-0.04467134652201666,-0.05571155073388637,-0.07977026164645831
,,,40.78,39.73,,,38.04,36.8,42.48,38.05,33.0582,33.58,,41.9,38.29,42.82,44.5,34.49,,48.37,37.29,,14,39.242728571428565,38.17,39.442,40.7065,42.334999999999994,,0.03769670006305632,0.06400196174595388,0.0328102010789603,0.001802354095144747,-0.03813143697891105
DTEA6,21,Assessing Technician,25.89,30.78,26.45,,30.72,29.89,33.04,29.65,,,,,,,,32.65,,,31.91,,8,30.63625,30.75,31.006,31.4015,32.095,,-0.18332367709540362,-0.1877172653534183,-0.19760525299343373,-0.21288142139822316,-0.23966782541521817
,,,33.84,36.79,31.6,,38.41,39.56,44.6,36.22,,,,,,,,40.45,,,42.89,,8,38.815,38.985,39.738,40.0495,41.06,,-0.14701536643025986,-0.15203900709219845,-0.17429078014184385,-0.1834958628841607,-0.21335697399527181
DTEA4,22,Assistant Animal Control Officer,22.63,,,,,,27.54,23.7,,28.4,,,,15.687600000000002,27.17,,,25.33,,,6,24.637933333333333,26.25,27.17,27.262500000000003,27.447499999999998,,-0.088728826042127,-0.15996464869642074,-0.20061864781263822,-0.20470614228899708,-0.2128811312417145
,,,29.66,,,,,,37.18,31.52,,35.91,,,,18.1764,35.34,,,33.43,,,6,31.926066666666667,34.385000000000005,35.34,35.4825,35.7675,,-0.07640143852551137,-0.15930546190155107,-0.19150370869858407,-0.19630815913688474,-0.20591706001348611
DTEA8,23,Assistant Planning Director,31.34,57.19,34.52,34.74,,38.92,36.43,,,41.14,34.23,,34.04,,44.44,53.02,,39.59,31.91,,12,40.01416666666667,37.675,39.322,39.822500000000005,41.965,,-0.27677621782599454,-0.202137843012125,-0.2546904913848118,-0.27066049776643286,-0.33902361199744746
,,,40.78,68.35,41.25,46.69,,51.52,49.17,,,55.6,47.92,,38.29,,57.48,66.83,,52.24,42.89,,12,51.51916666666668,50.345,51.952000000000005,52.744,56.07,,-0.26334395945725053,-0.23455125061304555,-0.27395782246199124,-0.2933791074055909,-0.37493869543894065
DTEA7,24,Assistant Town Clerk,28.49,36.67,38.66,31.01,32.96,36.2,33.04,33.95,22.052400000000002,32.52,35.94,34.07,34.04,,38.1,35.34,,31.2,31.91,,16,33.6039,33.995000000000005,34.07,35.0225,36.004999999999995,,-0.17949806949806968,-0.19322569322569344,-0.19585819585819594,-0.22929097929097939,-0.2637767637767637
,,,37.34,43.83,46.19,41.68,41.21,47.93,44.6,41.47,27.570600000000002,41.14,50.32,41.9,38.29,,49.71,43.83,36.06,44.73,42.89,,17,42.550035294117656,42.89,43.83,44.138,44.73,,-0.13952960080657878,-0.14863417246920183,-0.1738082485270486,-0.1820567755757899,-0.19791108730583806
DTEA7,25,Assistant Town Collector,28.49,45.4,38.66,38.91,35.48,38.92,31.47,33.95,27.03,32.52,26.06,37.09,34.04,,,35.34,,36.26,31.91,,15,34.86933333333333,35.34,35.791999999999994,36.342999999999996,37.875,,-0.22391482391482387,-0.24043524043524062,-0.25630045630045617,-0.2756405756405756,-0.32941382941382946
,,,37.34,54.26,46.19,52.3,44.39,51.52,42.48,41.47,33.782399999999996,41.14,36.49,45.62,38.29,,,43.83,43.42,48.37,42.89,,16,44.15265,43.625,44.39,45.3125,46.735,,-0.1824491162292447,-0.16831815747187992,-0.18880557043385102,-0.21351098018211023,-0.25160685591858584
DTEA7,26,Assistant Town Treasurer,28.49,45.4,38.66,38.91,35.48,see,31.47,33.95,27.03,,,37.09,34.04,36.47,44.44,35.34,,36.26,31.91,,14,36.175,35.87,36.428,36.749,38.2675,,-0.26974376974376973,-0.259038259038259,-0.2786240786240786,-0.28989118989119006,-0.3431905931905932
,,,37.34,54.26,46.19,52.3,44.39,above,42.48,41.47,33.782399999999996,,,45.62,38.29,49.02,57.48,43.83,43.42,48.37,42.89,,15,45.58615999999999,44.39,45.848,46.407999999999994,48.695,,-0.2208398500267806,-0.18880557043385102,-0.22785216925548996,-0.24284949116229218,-0.3040974825923941
DTEA7,27,Asst Communication Supervisor,28.49,,,,,,,,,,,,,,,,,,,,0,,,,,,,,,,,
,,,37.34,,,,,,,,,,,,,,,,,,,,0,,,,,,,,,,,
DTEA8,28,Boad of Health - Inspector,31.34,38.78,38.66,,32.96,36.2,34.69,33,,30.4,35.94,,,,35.92,,,,30.53,,10,34.708000000000006,35.305,35.928,35.937,36.135000000000005,,-0.10746649649010867,-0.1265156349712827,-0.14639438417358,-0.14668155711550726,-0.152999361837907
,,,40.78,46.34,46.19,,38.04,47.93,46.83,43.54,,38.47,50.32,,,,46.45,35,,,41.02,,11,43.64818181818182,46.19,46.34,46.395,46.64,,-0.07033305096080965,-0.13266307013241777,-0.13634134379597848,-0.137690044139284,-0.14369789112309955
DTEA8,29,Branch Librarian,31.34,,,,,34.58,,,,34.95,,,,,41.24,,,,,,3,36.92333333333334,34.95,36.208000000000006,36.837,38.095,,-0.17815358434375683,-0.11518825781748573,-0.15532865347798358,-0.1753988513082324,-0.21553924696873003
,,,40.78,,,,,43.98,,,,44.22,,,,,50.71,,,,,,3,46.303333333333335,44.22,45.518,46.167,47.465,,-0.13544221023377473,-0.08435507601765566,-0.11618440411966649,-0.1320990681706719,-0.16392839627268274
DTEA8,30,Building Inspector,31.34,38.78,,31.01,,38.92,29.97,33,,37.22,35.94,37.09,30.87,27.83,,38.27,,33.14,30.53,,13,34.04384615384615,33.14,36.169999999999995,36.86000000000001,37.22,,-0.08627460605763072,-0.05743458838544993,-0.15411614550095706,-0.17613273771537993,-0.18761965539246966
,,,40.78,46.34,,41.68,,51.52,40.46,43.54,,47.09,50.32,45.62,34.71,37.4,,47.52,,43.73,41.02,,13,43.919230769230765,43.73,45.763999999999996,46.196000000000005,47.09,,-0.07697966574867003,-0.07233938205002441,-0.1222167729279057,-0.13281020107896035,-0.1547327121137813
DTEA1,31,Cashier,20.71,28.5,,,,,,,,,,,,,25.45,,28.4784,,,,3,27.476133333333337,28.4784,28.48272,28.48488,28.4892,,-0.32670851440527937,-0.37510381458232733,-0.375312409464027,-0.37541670690487683,-0.3756253017865765
,,,27.21,34.06,,,,,,,,,,,,,31.21,,31.528200000000002,,,,3,32.26606666666667,31.528200000000002,32.03456,32.28774,32.7941,,-0.18581648903589365,-0.15869900771775086,-0.17730834252113187,-0.18661300992282243,-0.20522234472620357
DTEA2,32,Cashier Head,21.34,,,,,,,,,,,,,,,,,,,,0,,,,,,,,,,,
,,,28.01,,,,,,,,,,,,,,,,,,,,0,,,,,,,,,,,
DTEA2,33,Cashier/Office Assistant - Floater,21.34,,,,,,,,,,,,,,,,,,,,0,,,,,,,,,,,
,,,28.01,,,,,,,,,,,,,,,,,,,,0,,,,,,,,,,,
DTEA7,34,Children's Librarian,28.49,,,34.74,35.83,34.58,,,,32.66,35.6085,,32.79,29.77,37.49,30.83,32.895,31.43,28.02,,12,33.053625,32.8425,33.906,34.604,34.957125000000005,,-0.16018339768339762,-0.15277290277290287,-0.19010179010179012,-0.21460161460161464,-0.22699631449631474
,,,37.14,,,37.61,44.79,43.98,,,,41.33,38.55025,29.33,36.88,40.01,46.1,35.9,41.055,41.47,35.93,,13,39.45655769230768,40.01,41.11,41.275,41.47,,-0.06237365892050842,-0.07727517501346251,-0.10689283791060848,-0.11133548734518034,-0.11658589122240168
DTEA7,35,Circulation Supervisor/Office Admin,28.49,,,34.74,35.83,42.6,,,,,35.6085,,,23.194799999999997,37.49,,27.51,,28.02,,8,33.1241625,35.17425,35.6528,35.730325,36.245,,-0.16265926640926637,-0.2346174096174097,-0.25141453141453146,-0.2541356616356617,-0.27220077220077216
,,,37.14,,,37.61,44.79,55.58,,,,,38.55025,,,34.251599999999996,46.1,,34.33,,35.93,,8,40.892731250000004,38.080124999999995,39.7982,41.9821125,45.1175,,-0.10104284464189563,-0.025313004846526516,-0.07157242864835758,-0.13037459612277866,-0.2147953688745288
DTEA4,36,Clerk's Office - Clerical,22.63,28.5,22.85,,25.6,29.89,,,,26.55,,,27.05,21.154799999999998,28.54,,,22.14,21.42,,10,25.369480000000003,26.075000000000003,26.75,26.975,28.1375,,-0.12105523641184286,-0.1522315510384447,-0.1820592134334954,-0.1920017675651791,-0.24337163057887762
,,,29.66,34.06,27.3,,32.01,39.56,,,,33.58,,,30.43,31.2528,37.14,,,29.21,28.79,,10,32.33328,31.6314,32.638,33.3445,33.94,,-0.09013081591368853,-0.06646662171274441,-0.10040458530006736,-0.1242245448415373,-0.1443020903573836
DTEA8,37,COA Asst Director,31.34,41.88,38.66,,,33.68,33.04,,,,39.62,34.07,,,,35.34,,33.97,27.75,,9,35.33444444444444,34.07,35.086000000000006,36.004000000000005,38.66,,-0.12745515138622984,-0.08710912571793236,-0.11952776005105316,-0.1488194001276326,-0.2335673261008295
,,,40.78,50.05,46.19,,,44.58,44.6,,,,55.47,41.9,,,,43.83,,44.82,37.29,,9,45.41444444444444,44.6,44.776,45.094,46.19,,-0.11364503296823052,-0.09367336929867583,-0.09798921039725361,-0.10578715056400197,-0.13266307013241777
DTEA3,38,Collector's Admin Clerk,21.98,28.5,25.13,,28.17,25.86,,27.95,,,,,27.05,21.154799999999998,,27.99,,22.14,24.98,,10,25.89248,26.455,27.41,27.815,27.979999999999997,,-0.1780018198362147,-0.20359417652411274,-0.2470427661510464,-0.26546860782529574,-0.2729754322111008
,,,28.83,34.06,30.03,,35.2,34.23,,34.13,,,,34.11,30.43,31.2528,,32.42,,29.21,33.57,,11,32.60389090909091,33.57,34.06,34.085,34.120000000000005,,-0.13090152303471764,-0.16441207075962547,-0.181408255289629,-0.1822754075615679,-0.18348942074228258
DTEA8,39,Computer Service - Police,31.34,,,,,,,,,,,,,,40.09,,,31.43,,,2,35.760000000000005,35.760000000000005,36.626000000000005,37.059,37.925000000000004,,-0.14103382259093827,-0.14103382259093827,-0.16866624122527138,-0.1824824505424377,-0.21011486917677105
,,,40.78,,,,,,,,,,,,,,52.82,,,41.47,,,2,47.144999999999996,47.144999999999996,48.28,48.8475,49.9825,,-0.15608141245708668,-0.15608141245708668,-0.18391368317802845,-0.19782981853849915,-0.22566208925944092
DTEA8,40,Conservation Officer,31.34,35.9,41.75,34.73,,42.6,41.78,40.84,38.607,49.88,35.94,47.88,34.04,36.47,38.09,35.34,,36.26,31.91,,16,38.8760625,37.28,38.607,40.28175,41.7575,,-0.24046147096362488,-0.18953414167198473,-0.2318761965539247,-0.2853142948308871,-0.33240268028079134
,,,40.78,42.91,49.89,46.69,46.121634615384615,55.58,56.4,54.01,46.7874,67.38,50.32,58.89,38.29,49.02,49.71,43.83,,48.37,42.89,,17,49.82876674208144,49.02,49.818,50.062,54.01,,-0.22189226930067288,-0.20205983325159396,-0.22162824914173607,-0.2276115743011279,-0.3244237371260421
DTEA5,41,Crime Analyst,23.31,33.24,,,,,,,,,,,,,,35.16,,,,,2,34.2,34.2,34.391999999999996,34.488,34.68,,-0.46718146718146736,-0.46718146718146736,-0.4754182754182753,-0.4795366795366796,-0.48777348777348783
,,,30.53,39.73,,,,,,,,,,,,,,44.13,,,,,2,41.93,41.93,42.37,42.59,43.03,,-0.3734032099574189,-0.3734032099574189,-0.3878152636750736,-0.3950212905339011,-0.4094333442515558
DTEA5,42,Custodians,23.31,24.43,22.28,20.22,,25.86,,,20.706,24.81,,,,20.410200000000003,22.67,25.27,,,21.31,,10,22.796620000000004,22.475,23.374,24.166,24.715,,0.022024024024023786,0.03582153582153571,-0.002745602745602748,-0.036722436722436795,-0.060274560274560324
,,,30.53,29.2,26.63,26.53,,34.23,,,25.2348,31.39,,29.75,,25.602,28.62,29.36,,,27,,11,28.504254545454547,28.62,29.2,29.28,29.555,,0.06635261888455468,0.06256141500163774,0.0435637078283656,0.04094333442515558,0.0319358008516214
DTEA8,43,DCTV Operations Coordinator,31.34,35.9,,,,,,,31.354799999999997,,,,,,,,,,,,2,33.627399999999994,33.627399999999994,34.08192,34.30918,34.7637,,-0.07298659859604321,-0.07298659859604321,-0.08748947032546256,-0.09474090619017224,-0.10924377791959158
,,,40.78,42.91,,,,,,,38.1786,,,,,,,,,,,,2,40.5443,40.5443,41.01744,41.25401,41.727149999999995,,0.005779794016674874,0.005779794016674874,-0.005822461991172129,-0.011623589995095631,-0.02322584600294246
DTEA8,44,DCTV Technician,31.34,30.78,,,,,,,,,,,,,,,,,,,1,30.78,,,,,,,,,,
,,,40.78,36.79,,,,,,,,,,,,,,,,,,,1,36.79,,,,,,,,,,
DTEA6,45,Dispatcher,25.89,,25.13,,,27.34,27.8358,,26.5302,29.67,,29.35,,24.013,31.25,,,24.96,25.35,,10,27.142900000000004,26.9351,27.53832,27.76143,28.97145,,-0.048393202008497636,-0.04036693704132862,-0.0636662804171494,-0.07228389339513326,-0.11902085747392817
,,,33.84,,30.03,,,36.5,33.955799999999996,,32.3646,39.06,,36.09,,30.626750000000005,40,,,32.95,31.74,,10,34.331715,33.4529,34.80948,35.769870000000004,36.3975,,-0.014530585106382955,0.011439125295508385,-0.02864893617021268,-0.057029255319148965,-0.07557624113475168
DTEA9,46,Dispatcher Supervisor,34.46,,,,,32.74,37.107600000000005,,,49.88,,,,,,,,32.66,,,4,38.0969,34.9238,36.234080000000006,36.88922000000001,40.300700000000006,,-0.10553975623911774,-0.013459082994776526,-0.05148229831688929,-0.07049390597794568,-0.16949216482878715
,,,44.78,,,,,43.78,38.7294,,,67.38,,,,,,,,39.04,,,4,47.23235,41.41,42.832,43.543,49.68,,-0.05476440375167475,0.07525681107637348,0.0435015631978562,0.02762393925859763,-0.10942384993300577
DTEA8,47,Electrical Inspector,31.34,38.78,27.78,31.01,30.42,40.46,29.97,33,31.354799999999997,37.22,34.23,per,26,fee,35.92,35.35,,30.43,30.53,,15,32.83032000000001,31.354799999999997,33.492,34.342,35.635000000000005,,-0.04755328653478008,-0.0004722399489469522,-0.06866624122527114,-0.09578813018506697,-0.13704530950861535
,,,40.78,46.34,33.19,41.68,38.04,51.52,40.46,43.54,38.1786,47.09,47.92,inspection,33,paid,45.42,43.83,,40.15,41.02,,15,42.091906666666674,41.68,43.656,43.989,45.88,,-0.03217034494033037,-0.022069641981363377,-0.07052476704266791,-0.07869053457577234,-0.12506130456105938
DTEA8,48,Gas & Plumbing Insector,31.34,38.78,41.75,31.01,30.42,40.46,29.97,33,31.354799999999997,37.22,34.23,per,26,fee,35.92,35.34,,30.43,30.53,,15,33.76098666666667,33,34.674,35.398,36.57,,-0.0772490959370347,-0.05296745373324825,-0.10638162093171664,-0.12948308870453107,-0.16687938736439056
,,,40.78,46.34,49.89,41.68,38.04,51.52,40.46,43.54,38.1786,47.09,47.92,inspection,33,paid,45.42,43.83,,40.15,41.02,,15,43.20524,43.54,44.466,45.512,46.715,,-0.05947130946542428,-0.06768023540951441,-0.09038744482589504,-0.11603727317312407,-0.14553702795487988
DTEA7,49,HR/Benefits Coordinator,28.49,36.67,,,,39.26,27.54,33.99,22.052400000000002,34.09,30.12,,37.55,34.09,38.1,40.99,,31.43,27.75,,13,33.35633846153846,34.09,34.606,36.154,37.55,,-0.17080865080865093,-0.19656019656019674,-0.2146718146718148,-0.2690066690066692,-0.31800631800631796
,,,37.14,43.83,,,,51.22,37.18,44.4,27.570600000000002,46.05,42.17,,42.24,45.81,49.71,51.54,,41.47,37.29,,13,43.1138923076923,43.83,44.681999999999995,45.528000000000006,46.05,,-0.160847935048258,-0.18012924071082384,-0.2030694668820677,-0.22584814216478205,-0.23990306946688197
DTEA7,50,Information Services Librarian,28.49,,,34.74,35.83,32.41490384615385,,,,34.95,34.019749999999995,,32.79,,41.24,,32.895,31.43,,,9,34.47885042735042,34.019749999999995,34.59595,34.782000000000004,34.95,,-0.21020886020886012,-0.194094419094419,-0.21431905931905945,-0.22084942084942105,-0.2267462267462269
,,,37.14,,,37.61,44.79,41.22692307692308,,,,44.22,36.818,33.59,36.88,,50.7,,41.055,41.47,,,10,40.83599230769231,41.14096153846154,41.32415384615385,41.43353846153846,43.5325,,-0.09951514021788657,-0.10772648191872748,-0.11265896193198298,-0.115604158899797,-0.1721190091545503
DTEA6,51,Library Associate,25.89,,,,28.17,24.68,,,,26.64,,,25.22,24.3,27.26,27.39,,,,,7,26.23714285714286,26.64,27.012,27.198,27.325000000000003,,-0.013408376096672833,-0.028968713789107762,-0.04333719582850521,-0.050521436848203934,-0.055426805716492944
,,,33.84,,,,35.2,31.42,,,,33.72,,,28.37,32.35,36.88,31.58,,,,,7,32.78857142857142,32.35,33.172,33.583,34.46,,0.03107058426207389,0.04403073286052015,0.019739952718676308,0.007594562647754284,-0.01832151300236399
DTEA2,52,Library Technician,21.34,,,25.38,25.6,24.68,,,,,26.014499999999998,,22.57,,,22.38,22.8582,21.14,21.42,,9,23.5603,22.8582,24.31564,24.82,25.38,,-0.10404404873477047,-0.07114339268978445,-0.139439550140581,-0.16307403936269918,-0.18931583880037484
,,,28.01,,,27.47,32.01,31.42,,,,,28.156749999999995,28.14,25.38,,,25.35,28.5294,27.9,28.79,,10,28.314615000000003,28.148374999999998,28.305809999999997,28.4735025,28.72485,,-0.010875223134594852,-0.004940199928596799,-0.010560871117457904,-0.016547750803284435,-0.02552124241342372
DTEA6,53,Office Admin Planning/Development,25.89,33.24,,,30.72,29.89,24.98,29.65,23.8884,28.4,,31.3,29.85,27.83,30.22,32.65,,,27.75,,13,29.259107692307687,29.85,29.956,30.154,30.72,,-0.13013162195085695,-0.152954808806489,-0.15704905368868285,-0.1646967941290073,-0.18655851680185392
,,,33.84,39.73,,,38.41,39.56,33.72,36.22,29.875799999999998,35.94,,38.5,33.57,37.4,37.09,40.45,,,37.29,,13,36.75044615384615,37.29,37.602,38.208,38.5,,-0.08600609201673004,-0.10195035460992895,-0.11117021276595723,-0.129078014184397,-0.13770685579196207
DTEA8,54,Parks & Rec Foreman,31.34,45.4,,30.7,38.4,30.29,,35.32,,34.05,,,,,,32.2,,,,,7,35.194285714285705,34.05,34.812,35.193,36.86,,-0.12298295195551069,-0.0864709636247606,-0.11078493937460107,-0.12294192724952131,-0.17613273771537968
,,,40.78,54.26,,40.28,48.01,35.98,,44.75,,47.5,,,,,,37.49,,,,,7,44.03857142857142,44.75,46.4,47.225,47.754999999999995,,-0.07990611644363467,-0.09735164296223636,-0.13781265326140257,-0.1580431584109858,-0.1710397253555663
DTEA6,55,Payroll Administrator,25.89,,,,30.72,33.68,28.54,31.43,24.694200000000002,30.4,30.12,,32.92,23.194799999999997,35.92,,,31.2,,,11,30.25627272727273,30.72,31.2,31.314999999999998,32.175,,-0.16864707328206757,-0.18655851680185392,-0.2050984936268829,-0.20954036307454604,-0.24275782155272294
,,,33.84,,,,38.41,44.58,38.53,38.4,30.8856,38.47,42.17,34.12,37.03,34.251599999999996,44.1,,,44.73,,,12,38.80643333333334,38.44,38.506,39.076,42.6525,,-0.1467622143420016,-0.1359338061465719,-0.13788416075650106,-0.15472813238770675,-0.26041666666666663
DTEA9,56,Payroll Manager/Finance System Analyst,34.46,45.4,,,,46.22,,,,,,,,,,38.27,,,,,3,43.296666666666674,45.4,45.564,45.646,45.81,,-0.25643257883536485,-0.31746952988972715,-0.32222867092280905,-0.32460824143934996,-0.32936738247243186
,,,44.78,54.26,,,,60.3,,,,,,,,,,47.52,,,,,3,54.02666666666667,54.26,55.467999999999996,56.071999999999996,57.28,,-0.2064909930028287,-0.2117016525234479,-0.23867798124162562,-0.2521661456007145,-0.27914247431889233
DTEA4,57,Permit Facilitator,22.63,33.24,,,,27.8,,,,,26.06,,,,,35.16,,27.34,,,5,29.919999999999998,27.8,29.976,31.064,33.24,,-0.32213875386654883,-0.22845779938135227,-0.3246133451171012,-0.3726911179849758,-0.46884666372072487
,,,29.66,39.73,,,,36.8,,,,,36.49,,,,,44.13,,36.07,,,5,38.644,36.8,37.971999999999994,38.558,39.73,,-0.30289952798381653,-0.24072825354012128,-0.2802427511800403,-0.3,-0.339514497639919
DTEA2,58,Police Clerk,21.34,,,,,27.8,,,,26.55,,,,,,27.99,,22.14,21.42,,5,25.18,26.55,27.05,27.3,27.8,,-0.17994376757263356,-0.2441424554826617,-0.26757263355201505,-0.2792877225866917,-0.30271790065604504
,,,28.01,,,,,36.6,,,,33.58,,,,,,32.42,,29.21,28.79,,5,32.12,32.42,32.884,33.116,33.58,,-0.14673330953230973,-0.15744377008211352,-0.17400928239914312,-0.1822920385576579,-0.19885755087468748
DTEA1,59,Principal Clerk - Assessor's,20.71,35.9,,,,29.89,24.98,,22.052400000000002,,,,27.05,,30.2,26.82,,25.85,24.98,,9,27.524711111111106,26.82,27.004,27.618000000000002,29.89,,-0.3290541338054614,-0.2950265572187349,-0.3039111540318687,-0.33355866731047806,-0.4432641236117817
,,,27.21,42.91,,,,39.56,33.72,,27.570600000000002,,,34.2,30.43,,39.32,31.03,,34.11,33.57,,10,34.64206,33.915,34.146,34.1865,38.04,,-0.2731370819551635,-0.24641675854465264,-0.25490628445424474,-0.25639470782800444,-0.39801543550165375
DTEA8,60,DCTV Production Coordinator,31.34,33.24,,,,,,,23.6946,,,,,,,,,,,,2,28.4673,28.4673,29.421840000000003,29.89911,30.853650000000002,,0.09166241225271213,0.09166241225271213,0.061204850031908,0.04597606892150605,0.015518506700701916
,,,40.78,39.73,,,,,,,28.866,,,,,,,,,,,,2,34.298,34.298,35.3844,35.9276,37.013999999999996,,0.15895046591466402,0.15895046591466402,0.1323099558607161,0.11898970083374209,0.09234919077979414
DTEA6,61,Recreational Coordinator,25.89,33.24,,,30.42,,,29.27,23.6946,,32.38,,,,28.38,32.65,28.4784,27.34,,,9,29.53922222222222,29.27,30.19,30.812,32.38,,-0.1409510321445431,-0.13055233680957895,-0.16608729239088454,-0.19011201235998457,-0.25067593665507926
,,,33.84,39.73,,,38.04,,,38.62,28.866,,45.33,,,,37.03,40.45,31.528200000000002,36.07,,,9,37.29602222222222,38.04,38.504,38.842,39.73,,-0.10212831625952176,-0.12411347517730482,-0.13782505910165466,-0.14781323877068542,-0.17405437352245842
DTEA11,62,Senior Librarian,,,,,,,,,,,,,,,,,,,,,,,,,,,,,,,,
,,,,,,,,,,,,,,,,,,,,,,,,,,,,,,,,,,
,63,Assistant Director of Libraries,41.69,,44.26,,,42.6,,,,44.67,39.62,,37.28,34.09,44.44,41.12,,36.26,,,9,40.48222222222223,41.12,42.304,42.932,44.26,,0.02897044321846417,0.013672343487646925,-0.014727752458623275,-0.029791316862557076,-0.061645478532022076
,,,54.04,,52.88,,,55.58,,,,60.36,55.47,40.16,41.94,45.81,57.48,51.1,,48.37,,,10,50.915000000000006,51.99,53.916,55.0815,55.552499999999995,,0.05782753515914125,0.03793486306439669,0.002294596595114773,-0.019272760917838624,-0.027988527017024346
DTEA2,64,Waterways Administrative Clerk,21.34,,,,,,,29.65,,,,,,,,26.82,,,,,2,28.235,28.235,28.518,28.659499999999998,28.9425,,-0.3231021555763824,-0.3231021555763824,-0.3363636363636364,-0.34299437675726324,-0.3562558575445173
,,,28.01,,,,,,,38.73,,,,,,,,31.03,,,,,2,34.879999999999995,34.879999999999995,35.65,36.035,36.805,,-0.24526954659050315,-0.24526954659050315,-0.2727597286683326,-0.2865048197072472,-0.31399500178507667
,,LABORERS GROUP,,,,,,,,,,,,,,,,,,,,,,,,,,,,,,,,
DL9,65,Associate Engineer,37.04,,,34.74,32.96,50.14,,40.33,,32.52,35.94,43.97,,,47.99,41.12,,,,,9,39.96777777777778,40.33,40.961999999999996,41.69,43.97,,-0.0790436765058797,-0.0888228941684665,-0.10588552915766732,-0.1255399568034557,-0.1870950323974082
,,,47.35,,,46.69,41.21,65.43,,53.22,,41.14,50.32,54.07,,,62.08,51.1,,,,,9,51.69555555555556,51.1,52.796,53.39,54.07,,-0.09177519652704448,-0.0791974656810982,-0.11501583949313618,-0.12756071805702215,-0.14192185850052796
DL8,66,Chief Water Operator,33.66,49.03,,38.32,,,34.547399999999996,,,47.76,,36.86,,27.2952,44.44,,35.037,,,,8,39.1612,37.59,39.544000000000004,41.686,45.269999999999996,,-0.16343434343434357,-0.11675579322638167,-0.1748068924539515,-0.23844325609031503,-0.3449197860962567
,,,43.12,58.6,,50.54,,,43.951800000000006,,,66.63,,42.55,,34.251599999999996,57.48,,38.790600000000005,,,,8,49.09925,47.245900000000006,51.928,54.357,57.76,,-0.13866535250463824,-0.09568413729128035,-0.20426716141001855,-0.26059833024118745,-0.339517625231911
DL4,67,DPW - Administrative Clerk,24.33,30.78,28.55,,25.6,32.7,24.98,29.65,23.8884,,,31.3,27.05,,,27.99,28.4784,,27.75,,12,28.2264,28.2342,28.52136,28.715,29.932499999999997,,-0.1601479654747227,-0.1604685573366216,-0.1722712700369915,-0.1802301685162352,-0.23027127003699135
,,,31.35,36.79,34.11,,32.01,39.65,33.72,38.73,29.875799999999998,,,38.5,30.43,,,32.42,31.528200000000002,,37.29,,12,34.58783333333334,33.915,35.717999999999996,36.865,37.5925,,-0.10328017012227564,-0.08181818181818175,-0.1393301435406697,-0.1759170653907496,-0.19912280701754384
DL1,68,DPW - Senior Clerk,22.25,30.78,24.24,,,36.58,23.79,,,,,31.3,27.05,21.154799999999998,30.2,27.99,26.081400000000002,,21.42,,11,27.326018181818185,27.05,27.99,29.095,30.490000000000002,,-0.22813564862104202,-0.21573033707865172,-0.25797752808988755,-0.3076404494382022,-0.37033707865168547
,,,28.75,36.79,28.96,,,48.42,32.11,,,,,38.5,30.43,31.2528,39.32,32.42,28.8558,,28.79,,11,34.168054545454545,32.11,32.42,34.605000000000004,37.644999999999996,,-0.18845407114624504,-0.11686956521739128,-0.12765217391304354,-0.2036521739130436,-0.30939130434782597
DL1,69,DPW Custodian,22.25,24.43,21.32,20.22,25.6,,20.5122,,20.706,24.81,22.38,23.08,,20.410200000000003,28.51,25.27,23.2866,26.26,,,14,23.3425,23.1833,24.20132,24.601,25.155,,-0.04910112359550567,-0.0419460674157303,-0.08769977528089884,-0.10566292134831456,-0.13056179775280904
,,,28.75,29.2,25.47,26.53,32.01,,28.590600000000002,,25.2348,31.39,29.73,28.19,,25.602,36.03,29.36,25.7754,30.55,,,14,28.833057142857143,28.8953,29.328,29.5265,30.345,,-0.0028889440993788928,-0.005053913043478222,-0.020104347826086937,-0.027008695652173866,-0.05547826086956518
DL7,70,Fleet Maintenance Supervisor,30.61,45.4,41.75,,,,29.1108,,35.8836,49.88,41.61,30.72,,,34.51,,,,,,8,38.608050000000006,38.7468,41.638,41.687,42.6625,,-0.26128879451159776,-0.26582162691930744,-0.3602744201241424,-0.36187520418163993,-0.39374387455080045
,,,39.26,54.26,49.89,,,,37.760400000000004,,43.7172,67.38,58.25,37.56,,,43.64,,,,,,8,49.0572,46.8036,50.764,52.2935,55.2575,,-0.24954661232806938,-0.19214467651553757,-0.29302088639837,-0.3319791136016303,-0.40747580234335207
DL7,71,Foreman,30.61,38.78,33.3,34.39,38.4,37.08,29.1108,35.32,28.570200000000003,,29,32.46,32.04,28.05,44.44,32.2,35.037,33.93,,,16,33.88175,33.614999999999995,34.39,34.87525,35.76,,-0.10688500490035928,-0.09817053250571695,-0.12348905586409674,-0.1393417183926822,-0.16824567134923224
,,,39.28,46.34,39.79,45.12,48.01,44.92,39.6474,47.72,35.7408,,35.73,39.68,34.92,35.169599999999996,57.48,37.49,38.790600000000005,39.78,,,16,41.645525000000006,39.730000000000004,39.79,43.6375,45.425,,-0.06022212321792274,-0.011456211812627364,-0.012983706720977546,-0.11093431771894098,-0.15644093686354368
DL3,72,HMEO/Laborer,23.62,30.78,27.19,27.91,28.17,29.75,25.4796,32.21,21.9912,25.99,24.78,,25.55,24.939,25.88,27.12,,30.73,26.82,,16,27.205612500000004,26.97,27.19,27.73,28.565,,-0.15180408552074526,-0.14182895850973742,-0.15114309906858595,-0.1740050804403048,-0.20935647756138864
,,,30.46,36.79,32.49,36.61,35.2,36.06,33.048,40.77,26.4996,36.25,30.49,,27.82,31.2936,32.72,31.52,,34.25,33.97,,16,33.486325,33.509,34.25,34.962500000000006,36.1075,,-0.09935407091267236,-0.1000984898227183,-0.12442547603414311,-0.14781680892974408,-0.18540709126723573
DL3,73,HMEO/Maintenance Craftsman,23.62,30.78,27.19,,30.72,29.75,26.4078,38.61,25.296000000000003,,,28.67,25.55,,30.76,27.12,28.4784,30.73,,,13,29.235553846153852,28.67,29.944,30.526,30.73,,-0.23774571744935863,-0.21380186282811178,-0.26773920406435214,-0.2923793395427603,-0.30101608806096525
,,,30.46,36.79,32.49,,38.41,36.06,34.251599999999996,44.18,30.753,,,35.05,27.82,,37.89,31.52,31.528200000000002,34.25,,,13,34.691753846153844,34.251599999999996,35.251999999999995,35.858000000000004,36.79,,-0.138928228698419,-0.12447800393959275,-0.15732107682206153,-0.1772160210111623,-0.20781352593565325
DL1,74,Laborer,22.25,26.39,22.29,20.22,,26.43,23.7048,,21.9912,22.69,22.94,23.08,21.95,22.174799999999998,23.07,25.27,26.081400000000002,26.26,21.31,,16,23.4907625,23.005000000000003,23.08,23.5486,25.47285,,-0.055764606741572985,-0.03393258426966304,-0.03730337078651678,-0.05836404494382024,-0.144847191011236
,,,28.75,31.54,26.63,26.53,,32.03,30.742800000000003,,26.4996,31.65,28.21,28.19,23.6,27.805200000000003,29.15,29.36,28.8558,30.55,27,,16,28.646462500000002,28.532899999999998,29.15,29.307499999999997,30.598200000000002,,0.0036013043478260193,0.0075513043478261585,-0.01391304347826082,-0.019391304347826,-0.06428521739130443
DL7,75,Master Mechanic,30.61,36.78,29.26,30.7,,33.98,27.7236,33.52,25.8264,34.05,27.89,27.95,,27.2952,29.03,32.2,35.037,33.09,26.82,,16,30.697012500000003,29.98,32.2,32.86750000000001,33.635000000000005,,-0.002842616791898194,0.02058150931068275,-0.05194380921267571,-0.07375040836328021,-0.09882391375367545
,,,39.26,46.34,34.96,40.28,,41.18,35.965199999999996,42.59,31.365000000000002,47.5,34.4,34.22,,34.251599999999996,36.71,37.49,38.790600000000005,38.84,33.97,,16,38.053275000000006,37.1,38.790600000000005,38.827650000000006,40.505,,0.030736754966887204,0.05501782985226685,0.011956189505858207,0.011012480896586666,-0.0317116658176262
DL8,76,Plant Maintenance Electrician,33.66,38.78,,,,,,34.12,31.9668,,,,,,34.08,34.41,,,,,5,34.67136,34.12,34.236,34.294,34.41,,-0.030046345811051797,-0.013666072489601928,-0.01711229946524066,-0.018835412953060023,-0.022281639928698756
,,,43.12,46.34,,,,,,43.23,39.2496,,,,,,46.93,40.1,,,,,5,43.16992,43.23,44.474,45.096000000000004,46.34,,-0.0011576994434137336,-0.002551020408163252,-0.031400742115027816,-0.045825602968460256,-0.07467532467532483
DL1,77,Senior Principal Clerk,22.25,28.5,,24.92,30.72,,,,,28.4,,,,,,,,,24.98,,5,27.503999999999998,28.4,28.439999999999998,28.46,28.5,,-0.23613483146067404,-0.2764044943820224,-0.2782022471910111,-0.27910112359550565,-0.2808988764044944
,,,28.75,34.06,,32.7,38.41,,,,,35.94,,,,,,,,,33.57,,5,34.936,34.06,34.812,35.188,35.94,,-0.21516521739130434,-0.18469565217391312,-0.2108521739130434,-0.22393043478260877,-0.25008695652173907
DL4,78,Procurement Bidding Aide,24.33,,,,,,,,,,,,,,,32.65,,,,,1,32.65,,,,,,,,,,
,,,31.35,,,,,,,,,,,,,,,40.45,,,,,1,40.45,,,,,,,,,,
DL12,79,Senior Engineer,45.35,,51.24,,44.37,64.05,,48.85,,39.83,,47.88,,44.68,,47.5,,,,,8,48.55,47.69,48.074000000000005,48.4135,49.447500000000005,,-0.07056229327453133,-0.051598676957001016,-0.06006615214994496,-0.06755237045203964,-0.09035281146637274
,,,57.83,,61.22,,63.38,83.57,,64.46,,50.39,,58.89,,60.05,,59.13,,,,,8,62.63625,60.635,61.652,62.408,63.65,,-0.08310997752031815,-0.048504236555421056,-0.06609026456856308,-0.07916306415355358,-0.10063980632889505
DL5,80,SMEO/Laborer,25.06,,27.85,,,,,29.61,25.296000000000003,,,,,26.479200000000002,27.42,27.97,,,,,6,27.437533333333334,27.635,27.85,27.880000000000003,27.939999999999998,,-0.09487363660548027,-0.10275339185953723,-0.11133280127693547,-0.11252992817238643,-0.11492418196328807
,,,32.27,,33.27,,,,,37.46,30.7632,,,,,33.1908,34.66,32.53,,,,,6,33.64566666666666,33.2304,33.27,33.6175,34.3125,,-0.04262989360603223,-0.02976138828633405,-0.030988534242330334,-0.04175704989154002,-0.0632940811899596
DL5,81,SMEO/Maintenance Craftsman,28.29,,27.85,,30.72,35.5,,34.12,25.8264,,,,,,30.76,34.41,31.2732,30.98,,,9,31.271066666666666,30.98,31.21456,31.84256,34.12,,-0.10537527983975493,-0.09508660303994348,-0.10337787203958995,-0.12557652880876635,-0.20607988688582532
,,,32.27,,33.27,,38.41,43.04,,43.23,31.365000000000002,,,,,,37.89,40.1,34.6086,35.02,,,9,37.43706666666667,37.89,38.306,38.748,40.1,,-0.16011982233240357,-0.1741555624418964,-0.1870467926867057,-0.20074372482181574,-0.24264022311744646
DL4,82,Transfer Station Weigh Clerk,24.33,24.43,24.24,,,,25.4796,,,,,,,,,,,,,,3,24.716533333333334,24.43,24.63992,24.74488,24.9548,,-0.015887107822989563,-0.004110152075626857,-0.012738183312782645,-0.017052198931360465,-0.025680230168516255
,,,31.35,29.2,28.96,,,,33.048,,,,,,,,,,,,,,3,30.402666666666665,29.2,29.9696,30.3544,31.124000000000002,,0.030217969165337685,0.06858054226475285,0.04403189792663482,0.03175757575757586,0.007208931419457706
,83,Utility Billing Clerk,22.93,30.78,,,30.72,29.89,,,,28.4,,,27.05,,,,,,,,5,29.368000000000002,29.89,30.222,30.387999999999998,30.72,,-0.2807675534234628,-0.3035324901875273,-0.31801133885739213,-0.3252507631923244,-0.33972961186218925
,,,29.59,36.79,,,38.41,39.56,,,,35.94,,,30.43,,,,,,,,5,36.226,36.79,37.437999999999995,37.762,38.41,,-0.2242649543764785,-0.2433254477864143,-0.2652247380871915,-0.2761743832375803,-0.29807367353835745
,84,Utility Billing Clerk/Office Assistant,22.93,,,,30.72,,,29.65,,,,,,,,32.65,,,,,3,31.006666666666664,30.72,31.105999999999998,31.299,31.685,,-0.35223142898677123,-0.33972961186218925,-0.3565634539904055,-0.36498037505451375,-0.38181421718273
,,,29.59,,,,38.41,,,36.22,,,,31.66,,,,40.45,,,,,4,36.685,37.315,37.971999999999994,38.3005,38.92,,-0.23977695167286253,-0.26106792835417364,-0.28327137546468384,-0.29437309901993913,-0.3153092260898953
DL2,85,W&S Maintenance Worker,22.93,26.39,,,30.72,,,,21.6036,25.99,,27.95,27.19,,,26.17,,30.11,,,8,27.01545,26.79,27.342000000000002,27.608,28.49,,-0.1781705189707807,-0.1683384212821631,-0.19241168774531192,-0.2040122110771915,-0.24247710423026597
,,,29.59,31.54,,,38.41,,,,25.9998,36.25,,34.22,29.42,,,30.42,,33.58,,,8,32.479974999999996,32.56,33.708,33.931999999999995,34.7275,,-0.09766728624535304,-0.100371747211896,-0.13916863805339638,-0.14673876309564027,-0.17362284555593102
DL7,86,Water Treatment Facility Operator,30.61,,,27.91,30.72,,31.3344,42.44,,29.74,,,32.04,26.479200000000002,,34.41,,30.11,,,9,31.687066666666666,30.72,31.21152,31.47552,32.04,,-0.035186758140041394,-0.0035935968637699914,-0.019651094413590354,-0.028275726886638358,-0.04671675922901012
,,,39.26,,,36.61,38.41,,39.87180000000001,47.61,,41.49,,37.21,34.92,33.1908,,40.1,,33.58,,,10,38.299260000000004,37.81,38.99472,39.652530000000006,40.042950000000005,,0.02447121752419751,0.03693326541008649,0.00675700458481908,-0.009998217014773506,-0.019942689760570727
DL4,87,Wastewater Treatment Operator I,24.33,,,,,,,,,,25.78,,28.7,24.939,,,26.081400000000002,,,,4,26.375100000000003,25.9307,26.021120000000003,26.06633,26.736050000000002,,-0.08405672009864386,-0.0657912042745583,-0.06950760378134012,-0.07136580353473089,-0.09889231401561875
,,,31.35,,,,,,,,,,31.71,29.32,31.67,31.2936,,,28.8558,,,,5,30.56988,31.2936,31.44416,31.519440000000003,31.67,,0.024884210526315793,0.001799043062200957,-0.0030035087719297825,-0.0054047846889952655,-0.010207336523126005
DL3,88,Water & Sewer Maintenance Craftsman,23.62,28.5,34.7,,,,,34.81,22.654200000000003,25.99,,,,,30.76,32.2,,30.98,,,8,30.074274999999997,30.87,31.224,31.651000000000003,32.825,,-0.27325465707027924,-0.3069432684165961,-0.32193056731583397,-0.3400084674005081,-0.3897121083827266
,,,30.46,34.06,37.88,,,,,40.62,28.264200000000002,36.25,,,,,37.89,37.49,,35.02,,,8,35.934275,36.870000000000005,37.568000000000005,37.7045,37.8825,,-0.17972012475377538,-0.21043992120814195,-0.2333552199606042,-0.23783650689428765,-0.2436802363755745
DL4,89,Water & Sewer Maintenance/Asst Operator,24.33,,,,,,,,24.684,,25.78,,28.7,,,32.2,,,,,4,27.841,27.240000000000002,28.116,28.554,29.575,,-0.144307439375257,-0.11960542540073998,-0.15561035758323064,-0.17361282367447597,-0.2155774763666256
,,,31.35,,,,,,,,30.0084,,31.71,28.98,31.67,,,37.49,,,,,5,31.971680000000003,31.67,31.686,31.694000000000003,31.71,,-0.019830303030303073,-0.010207336523126005,-0.01071770334928225,-0.010972886762360485,-0.011483253588516727
DL7,90,Wastewater Treatment Facility Operator II,30.61,33.24,,27.91,,,31.3344,,26.8566,27.8,,,,26.479200000000002,,,28.4784,30.98,32.39423076923077,,9,29.496981196581196,28.4784,30.479680000000002,31.05088,31.3344,,0.03636128073893511,0.06963737340738317,0.004257432211695444,-0.014403136229990197,-0.023665468801045385
,,,39.26,39.73,,36.61,,,39.87180000000001,,33.02760000000001,38.77,,37.09,,33.1908,,,31.528200000000002,35.02,39.38125,,10,36.42196500000001,36.85,37.762,38.518,39.2284375,,0.07228820682628606,0.06138563423331627,0.03815588385124803,0.018899643402954594,0.0008039353031074814
DL8,91,Waste Water Treatment Plant Chief Operator,33.66,35.9,,,,,34.547399999999996,38.61,,34.05,,,,39.03,,,35.037,,,,6,36.19573333333333,35.4685,35.9,36.5775,37.9325,,-0.07533372945137651,-0.05372846108140233,-0.06654783125371368,-0.08667557932263828,-0.12693107546048726
,,,43.12,42.91,,,,,43.951800000000006,44.18,,47.5,,41.01,,52.45,,,38.790600000000005,,,,7,44.398914285714284,43.951800000000006,44.08872,44.157180000000004,45.84,,-0.029659422210442633,-0.01929035250463841,-0.022465677179963003,-0.024053339517625383,-0.0630797773654918
,,NON UNION,,,,,,,,,,,,,,,,,,,,,,,,,,,,,,,,
,96,Admin Assistant to Police Chief,28.6,33.24,38.66,,30.72,27.8,29.97,30.2,27.1116,34.09,24.25,,27.05,29.77,38.1,27.99,,,30.53,,14,30.677257142857147,30.085,30.464000000000002,30.6155,32.61,,-0.07263136863136874,-0.0519230769230769,-0.0651748251748252,-0.07047202797202795,-0.14020979020979013
,,,37.28,39.73,46.19,,38.41,36.8,40.46,39.46,33.0582,46.05,33.94,,30.43,40.01,49.71,32.42,44.39,,41.02,,15,39.471880000000006,39.73,40.19,40.516,42.705,,-0.058795064377682525,-0.06571888412017156,-0.078057939914163,-0.08680257510729605,-0.14552038626609434
NU7,97,Admin Assistant to Town Administrator,28.49,35.9,,,32.96,33.29,33.04,38.23,33.5478,29.61,,,,28.79,38.1,35.16,,27.88,30.53,,12,33.08648333333333,33.165,33.44468,33.78963,35.345,,-0.16133672633672616,-0.16409266409266413,-0.1739094419094419,-0.18601719901719918,-0.24061074061074064
,,,37.14,42.91,,,41.21,43.44,44.6,49.94,40.8918,40.01,,52.36,,37.56,49.71,44.13,51.72,36.79,41.02,,14,44.02084285714285,43.175,43.992000000000004,44.3415,48.432500000000005,,-0.18526771290099225,-0.16249326871297784,-0.18449111470113097,-0.19390145395799685,-0.30405223478729143
NU5,98,COA Engagement Coordinator,23.31,33.24,27.78,,,29.99,27.54,28.83,,,,,,27.83,28.38,30.18,26.081400000000002,,21.42,,10,28.127140000000004,28.104999999999997,28.56,28.7625,29.7,,-0.2066555126555129,-0.20570570570570565,-0.22522522522522523,-0.23391248391248395,-0.2741312741312742
,,,30.53,39.73,33.19,,,39.57,37.18,38.05,,,,29.22,,37.4,37.03,37.34,28.8558,,28.79,,11,35.12325454545455,37.18,37.34,37.370000000000005,37.724999999999994,,-0.15045052556352928,-0.21781853914182767,-0.2230592859482477,-0.22404192597445147,-0.2356698329511953
NU5,99,COA Program Coordinator,23.31,33.24,27.78,,27.89,34.75,26.23,28.83,27.1116,28.4,32.38,,,,32.02,27.37,,25.85,,,12,29.320966666666667,28.145,28.657999999999998,29.3085,32.11,,-0.25787072787072796,-0.20742170742170746,-0.2294294294294294,-0.25733590733590733,-0.3775203775203776
,,,30.53,39.73,33.19,,34.88,46,35.41,38.05,33.0582,35.94,45.33,29.22,,,39.29,34.49,,34.11,,,13,36.82293846153846,35.41,36.361999999999995,37.628,39.29,,-0.20612310715815466,-0.15984277759580726,-0.1910252210940057,-0.23249263019980343,-0.2869308876514903
,100,Communication Coordinator,31.45,,,,,29.89,28.54,,,,,,,32.93,,44.09,,27.34,,,5,32.558,29.89,31.106,31.714,32.93,,-0.03523052464228937,0.04960254372019074,0.010937996820349686,-0.008394276629570726,-0.04705882352941178
,,,40.93,,,,,39.56,38.53,,,,,,,42.98,,55.48,,36.07,,,5,42.523999999999994,39.56,40.928,41.612,42.98,,-0.03894453945761041,0.03347178108966522,4.886391399957108e-05,-0.016662594673833426,-0.050085511849499074
NU7,101,DPW - Administrative Assistant,28.6,38.78,30.55,,25.6,32.7,29.97,,23.8884,30.4,,31.3,29.85,26.01,,27.99,,,30.53,,12,29.797366666666665,30.185,30.478,30.533,30.7375,,-0.04186596736596726,-0.055419580419580325,-0.06566433566433566,-0.06758741258741258,-0.07473776223776221
,,,37.28,46.34,36.5,,32.01,39.65,40.46,,29.875799999999998,38.47,,38.5,33.57,34.95,,32.42,,,41.02,,12,36.98048333333333,37.485,38.488,38.6725,39.8525,,0.00803424535050078,-0.0054989270386265636,-0.03240343347639481,-0.03735246781115875,-0.0690048283261802
NU5,102,Principal Office Assistant II/Select Board,23.31,28.5,22.35,,,29.89,24.98,,,,,,27.05,,,,,29.72,,,6,27.081666666666667,27.775,28.5,28.805,29.415,,-0.16180466180466188,-0.19154869154869156,-0.22265122265122272,-0.23573573573573578,-0.2619047619047619
,,,30.53,34.06,30.11,,,39.56,33.72,,,,,,30.43,,,,,34.11,,,6,33.665,33.89,34.06,34.072500000000005,34.0975,,-0.10268588273829014,-0.11005568293481818,-0.1156239764166394,-0.11603340976089105,-0.11685227644939389
NU9,103,Public Health Nurse,34.46,35.9,,,35.48,38.92,28.54,outsourced,,,35.94,,,36.47,35.92,39,,33.97,,,9,35.57111111111111,35.92,35.936,36.046,36.47,,-0.032243502934158653,-0.042367962855484644,-0.04283226929773648,-0.04602437608821818,-0.05832849680789315
,,,44.78,42.91,,,44.39,51.52,38.53,,,,50.32,,,49.02,46.45,46,,44.82,,,9,45.995555555555555,46,46.36,46.964000000000006,49.02,,-0.027145054835988246,-0.027244305493523868,-0.03528360875390796,-0.04877177311299698,-0.09468512728896833
NU7,104,Substance Use Program Coordinator,28.49,,,,,,,,,,,,,,,,,,,,0,,,,,,,,,,,
,,,37.14,,,,,39.26,,,,,,,,,,,,,,,1,39.26,,,,,,,,,,
NU8,105,System Analyst,31.34,45.23,,,,34.83,,,,43.18,,,34.04,,32.02,44.18,,,,,6,38.913333333333334,39.004999999999995,43.18,43.43,43.93,,-0.2416507126143374,-0.24457562220804072,-0.37779195915762603,-0.38576898532227183,-0.4017230376515635
,,,40.78,54.05,,,,43.44,,,,58.35,,,38.29,,41.69,54.96,,,,,6,48.46333333333333,48.745,54.05,54.277499999999996,54.7325,,-0.18840935098904682,-0.1953163315350661,-0.32540461010299154,-0.3309833251593917,-0.34214075527219223
,,NON UNION CONTRACTUAL,,,,,,,,,,,,,,,,,,,,,,,,,,,,,,,,
C,106,Assistant Director of Public Works ,,62.85,,,,,,54.77,,56.59,59.71,,,44.68,49.66,60.12,,,,,7,55.48285714285714,56.59,58.462,59.398,59.915,,,,,,
,,,54.36,75.11,,,,,,75.19,,76.45,83.6,,,60.05,65.94,75.81,,,,,7,73.16428571428573,75.19,75.562,75.748,76.13,,-0.34592137075580803,-0.3831861662987491,-0.3900294334069168,-0.39345106696100085,-0.4004782928623988
C,107,Assistant Town Administrator ,,79.17,40.56,,50.71,69.49,,58.75,61.404,66.29,,,,50.43,75.2,80.03076923076924,,58.17,,,11,62.745888111888114,61.404,66.29,67.89,72.345,,,,,,
,,,45.73,94.62,54.67,,63.38,90.67,,77.53,74.8272,89.55,,,,66.63,98.11,100.03846153846153,88.63,76.75,,,12,81.28380512820513,83.08,89.182,89.718,91.6575,,-0.7774722311000467,-0.8167504920183688,-0.9501858736059481,-0.9619068445221957,-1.0043188279029085
,108,Chief of Police ,,,,,,,,67.05,,,71.64,,,78.8,,,,,,,3,72.49666666666667,71.64,73.072,73.788,75.22,,,,,,
,,,103.68,,,,,100.11346153846154,,88.47,,96.2,107.46,102.16,,102.81,118.19,97.17259615384616,101.5,,,,9,101.56400641025643,101.5,102.02799999999999,102.28999999999999,102.81,,0.020408888789965097,0.0210262345679013,0.015933641975308787,0.013406635802469277,0.008391203703703746
C,109,Deputy Assistant Harbor Master ,,41.88,,,,,23.79,,16.891199999999998,,,,22,,,35.34,,,,,5,27.980240000000002,23.79,28.41,30.720000000000002,35.34,,,,,,
,,,29.25,50.05,,,,,32.11,,20.6142,,,,30,,,43.83,,,,,5,35.32084,32.11,36.798,39.141999999999996,43.83,,-0.20755008547008535,-0.09777777777777776,-0.25805128205128214,-0.33818803418803406,-0.4984615384615384
,110,Deputy Chief of Police ,,,,,,,58.7,54.77,,61.68,59.71,,,,85.06,72.09,,49.87,,,7,63.12571428571429,59.71,60.891999999999996,61.483000000000004,66.885,,,,,,
,,,,,,,84.42836538461539,58.17,79.24,72.27,,83.34,83.6,88.36,,,104.61,82,89.76,65.8,,,11,81.05257867132867,83.34,83.6,84.01418269230768,86.3941826923077,,,,,,
C,111,Director of Budget & Finance/Treasurer ,,,,,,69.49,58.7,58.76,50.337,66.29,71.64,,,,88.94,88.70288461538462,,58.17,58.28,,10,66.93098846153845,62.525000000000006,67.57,69.01,71.10249999999999,,,,,,
,,,68.59,,68.89,,83.32163461538461,90.67,79.24,77.53,61.3224,89.55,107.46,58.64,,,93.75,105.9826923076923,86.54,76.75,78.32,,14,82.71190906593407,81.2808173076923,85.89632692307693,87.89450000000001,90.39,,-0.20588874567625107,-0.18502430832034258,-0.25231559882019133,-0.28144773290567143,-0.31783058754920535
C,112,Director of Public Works ,,73.31,,,,69.49,58.7,67.05,,66.29,71.64,,,65.14,75.2,80.03076923076924,,,,,9,69.65008547008547,69.49,71.21,71.974,73.31,,,,,,
,,,64.78,87.61,,,83.95432692307692,90.67,79.24,88.47,,89.5,107.46,88.92,,84.99,98.11,100.03846153846153,73.87,,,,12,89.40273237179487,88.695,89.268,89.6755,92.53,,-0.38009775195731504,-0.3691725841309045,-0.37801790676134606,-0.3843084285273232,-0.4283729546156221
C,113,Environmental Affairs Coordinator ,,41.85,,,,42.6,36.43,40.94,,,,47.88,,,,47.44,,,,,6,42.85666666666666,42.225,42.6,43.81,46.23,,,,,,
,,,41.9,50.05,,,,55.58,49.17,54.01,,,,58.89,,,,59.74,,,,,6,54.57333333333333,54.795,55.58,56.4075,58.0625,,-0.30246618933969766,-0.30775656324582346,-0.326491646778043,-0.34624105011933176,-0.38573985680190936
C,114,Harbor Master ,,52.96,,,,,52.41,,38.607,52.86,,,,,,50.63,,,,,5,49.493399999999994,52.41,52.589999999999996,52.68,52.86,,,,,,
,,,44.91,63.29,,,,,70.75,,46.7874,71.42,,,,,,63.07,,,,,5,63.06347999999999,63.29,66.274,67.766,70.75,,-0.40421910487641943,-0.409262970385215,-0.4757069694945448,-0.5089289690492098,-0.5753729681585394
C,115,Human Resources Director ,,67.88,,,,64.05,58.7,49.09,41.0856,56.59,50.82,,,58.31,59,60.02307692307692,,36.26,,,11,54.70987972027972,58.31,58.7,58.85,59.511538461538464,,,,,,
,,,51.72,81.12,50.51,,59.034615384615385,83.57,79.24,64.78,50.0718,76.45,71.15,73.63,,76.09,98.11,77.5298076923077,71.63,48.37,,,15,70.75241487179487,73.63,76.23400000000001,76.55798076923077,78.38490384615385,,-0.36798946001150173,-0.4236272235112142,-0.4739752513534418,-0.48023938068891664,-0.5155627193765245
C,116,Town Administrator ,,,,,,,,,,,,,,,,,,,,,0,,,,,,,,,,,
,,,107.76,,,,106.03846153846153,106.65096153846154,,101.1,,113.73990384615385,,110.73509615384616,,,108.17,133.5721153846154,112.85,,,,8,111.6070673076923,109.45254807692308,111.15807692307692,111.89829326923076,113.07247596153846,,-0.0357003276511906,-0.015706645108788737,-0.03153375021415102,-0.038402869981725665,-0.049299145894009404
C,117,Veterans Agent,,,District,31.01,28.17,,31.47,40.233,32.5844,38.63,41.605288461538464,34.77259615384615,41.31,,,38.27,28.48,33.97019230769231,District,,12,35.042123076923076,34.371394230769226,36.87103846153846,38.324000000000005,39.03075,,,,,,
,,,34.95,,Cape Cod,41.68,35.2,,42.48,48.2,39.6758,52.18,58.24759615384615,42.76586538461538,45.46,,,47.52,31.53,44.823076923076925,Cape Cod,,12,44.14686153846153,43.79447115384615,45.20523076923077,45.769000000000005,47.690000000000005,,-0.2631433916584128,-0.25306069109717166,-0.29342577308242546,-0.30955650929899864,-0.3645207439198856
elected,118,Town Clerk,,49.89,,,,50.14,,48.13,,,,44.93,,32.93,54.13,50.01923076923077,,46.19,45.73,,9,46.898803418803425,48.13,49.538000000000004,49.915846153846154,50.01923076923077,,,,,,
,,,51.09,59.63,,,,65.43,,63.51,,58.8,,56.76,,42.98,71.87,67.52596153846154,65.08,60.94,61.46,,11,61.27145104895106,61.46,63.51,64.295,65.255,,-0.19928461634274913,-0.20297514190643956,-0.2431004110393422,-0.25846545312194164,-0.2772558230573496
,,POLICE Salary Scale from communities,,,,,,,,,,,,,,,,,,,,,,,,,,,,,,,,
,92,Patrol Detective,,38.06,,,,,,29.68,,35.84,32.165,32.058317307692306,,,40.09,,,29.57,,,7,33.92333104395605,32.165,34.37,35.472500000000004,36.95,,,,,,
,,,,45.49,,,,,,43.7,,44.86,39.675,41.486105769230775,,,48.34,,,39.25,46.60951923076923,,8,43.67632812500001,44.28,44.986,45.2065,45.769879807692305,,,,,,
,93,Police Lieutenant,40.65,57.82,,,,57.79,57.4566,53.637187499999996,,54.02,50.82,,,48.251875,54.12,50.12,56.03,46.19,55.64423076923077,,12,53.49165777243589,54.07,55.03453846153846,55.70209615384615,56.38665,,-0.31590794028132585,-0.3301353013530136,-0.353863184785694,-0.3702852682372977,-0.38712546125461267
,,,56.43,69.1,61.03317307692308,,,65.73,62.271,59.416826923076925,,63.97,71.15,,,51.19875,66.26,56.38,60.79,60.94,67.40961538461538,,13,62.74225887573964,62.271,64.322,65.378,66.26,,-0.11185998362111708,-0.10350877192982458,-0.13985468722310834,-0.15856813751550594,-0.1741981215665427
,94,Police Officer,30.48,31.01,27.943269230769232,,,32.62644230769231,31.467000000000002,29.09,29.1312,35.84,29.0375,30.53173076923077,,29.984812499999997,32.31,32.66,31.01,25.975,25.59735576923077,,15,30.280954038461537,30.53173076923077,31.01,31.0557,31.8885,,0.006530379315566371,-0.00169720371492024,-0.01738845144356959,-0.01888779527559059,-0.04621062992125984
,,,41.94,37.06,41.927403846153844,,,40.72548076923077,39.6576,42.840980769230775,36.883199999999995,44.86,36.55,39.510576923076925,,37.065625,43.95,38.28,41.91,38.525,37.986567307692304,,15,39.84882897435897,39.510576923076925,40.08475230769231,40.843932692307696,41.918701923076924,,0.04986101634814079,0.057926158248046554,0.04423575804262483,0.02613417519533385,0.0005078225303546483
,95,Police Sergeant,35.05,46.14,,,,46.2,35.113499999999995,45.84,34.3734,42.23,39.9125,42.60961538461538,,40.205625,45.89,41.38,48.26,40.1,46.67980769230769,,14,42.49531771978021,42.419807692307685,45.193923076923085,45.862500000000004,46.0775,,-0.21241990641313022,-0.21026555470207386,-0.2894129265883905,-0.30848787446505016,-0.3146219686162626
,,,49.07,55.14,49.20192307692308,,,51.13,41.1272,50.78365384615385,43.5184,49.6,43.6375,47.49178846153846,,42.87375,51.49,46.55,53.62,45.975,52.53846153846154,,15,48.311845128205135,49.20192307692308,50.07346153846154,50.818288461538465,51.31,,0.015450476294984002,-0.0026884670251289978,-0.02044959320280286,-0.03562845855998502,-0.04564907275320974
,,,,,,,,,,,,,,,,,,,,,,,,,,,,,,,,,,
,,POLICE 4 &2 Base Salary Scale after 10 years of service,,,,,,,,,,,,,,,,,,,,,,,,,,,,,,,,
,92,Patrol Detective,,38.06,,,,,,29.68,,35.84,32.165,32.058317307692306,,,40.09,,,29.57,,,7,33.92333104395605,32.165,34.37,35.472500000000004,36.95,,,,,,
,,,,45.49,,,,,,40.996153846153845,,44.86,39.675,40.67286057692308,,,44.47280000000001,,,39.25,46.60951923076923,,8,42.75329170673078,42.734476923076926,44.55024,44.68576,45.0175,,,,,,
,93,Police Lieutenant,40.3,54.05285500000001,,,,,57.4566,53.64,,54.02,,,,48.251875,54.12,50.12,56.03,46.19,55.64423076923077,,10,52.952556076923074,54.0364275,54.079713000000005,54.109928249999996,55.263173076923074,,-0.3139592078640962,-0.3408542803970225,-0.34192836228287865,-0.34267812034739453,-0.37129461729337665
,,,50.6,64.598201,61.03317307692308,,,,61.7406,56.31923076923077,,63.97,,,,49.661249999999995,60.95920000000001,56.38,57.44,60.94,67.40961538461538,,11,60.04102456643357,60.95920000000001,61.03317307692308,61.38688653846154,62.8553,,-0.18658151317062388,-0.2047272727272729,-0.20618919124353904,-0.21317957585892366,-0.24219960474308297
,94,Police Officer,30.48,31.01,27.943269230769232,,,,31.467000000000002,29.09,29.1312,35.84,29.0375,30.53173076923077,,29.984812499999997,32.31,32.66,31.01,25.975,25.59735576923077,,14,30.113419162087915,30.258271634615383,30.914346153846154,31.01,31.35275,,0.01202693037769309,0.0072745526700989955,-0.014250201897839675,-0.01738845144356959,-0.02863353018372703
,,,38.26,37.06,37.95673076923077,,,,39.1374,40.191923076923075,36.883199999999995,44.86,36.55,38.73605769230769,,36.5288125,40.72,38.28,39.6,38.525,37.986567307692304,,14,38.786835096153844,38.4025,38.69384615384615,38.91666173076923,39.48435,,-0.013769866600989179,-0.003724516466283466,-0.011339418553218883,-0.017163139852828798,-0.03200078410872977
,95,Police Sergeant,35.05,46.14,,,,,35.113499999999995,45.84,34.3734,42.23,39.9125,42.60961538461538,,40.205625,45.89,41.38,48.26,40.1,46.67980769230769,,13,42.210342159763314,42.23,43.2556923076923,45.193923076923085,45.89,,-0.204289362618069,-0.20485021398002853,-0.23411390321518696,-0.2894129265883905,-0.30927246790299584
,,,44,55.14,49.20192307692308,,,,40.721256000000004,48.136057692307695,43.5184,49.6,43.6375,46.56057692307692,,41.384375,47.3708,46.55,50.66,45.975,52.53846153846154,,14,47.21388215934066,46.96568846153846,47.983006153846155,48.61569711538462,49.50048076923077,,-0.07304277634865143,-0.06740201048951051,-0.09052286713286715,-0.10490220716783227,-0.12501092657342658
